一	one
二	two
三	three
四	four
五	five
六	six
七	seven
八	eight
九	nine
十	ten
口	mouth
日	day
月	month
田	rice field
目	eye
古	old
吾	I
冒	risk
朋	companion
明	bright
唱	chant
晶	sparkle
品	goods
呂	spine
昌	prosperous
早	early
旭	rising sun
世	generation
胃	stomach
旦	nightbreak
胆	gall bladder
亘	span
凹	concave
凸	convex
旧	olden times
自	oneself
白	white
百	hundred
中	in
千	thousand
舌	tongue
升	measuring box
昇	rise up
丸	round
寸	measurement
専	specialty
博	Dr.
占	fortune-telling
上	above
下	below
卓	eminent
朝	morning
只	only
貝	shellfish
貞	upright
員	employee
見	see
児	newborn babe
元	beginning
頁	page
頑	stubborn
凡	mediocre
負	defeat
万	ten thousand
句	phrase
肌	texture
旬	decameron
勺	ladle
的	bull's eye
首	neck
乙	fishguts
乱	riot
直	straightaway
具	tool
真	true
工	craft
左	left
右	right
有	possess
賄	bribe
貢	tribute
項	paragraph
刀	sword
刃	blade
切	cut
召	seduce
昭	shining
則	rule
副	vice-
別	separate
丁	street
町	village
可	can
頂	place on the head
子	child
孔	cavity
了	complete
女	woman
好	fond
如	likeness
母	mama
貫	pierce
兄	elder brother
克	overcome
小	little
少	few
大	large
多	many
夕	evening
汐	eventide
外	outside
名	name
石	stone
肖	resemblance
硝	nitrate
砕	smash
砂	sand
削	plane
光	ray
太	plump
器	utensil
臭	stinking
妙	exquisite
省	focus
厚	thick
奇	strange
川	stream
州	state
順	obey
水	water
氷	icicle
永	eternity
泉	spring
原	meadow
願	petition
泳	swim
沼	marsh
沖	open sea
江	creek
汁	soup
潮	tide
源	source
活	lively
消	extinguish
況	but of course
河	river
泊	overnight
湖	lake
測	fathom
土	soil
吐	spit
圧	pressure
埼	cape
垣	hedge
圭	square jewel
封	seal
涯	horizon
寺	Buddhist temple
時	time
均	level
火	fire
炎	inflammation
煩	anxiety
淡	thin
灯	lamp
畑	farm
災	disaster
灰	ashes
点	spot
照	illuminate
魚	fish
漁	fishing
里	ri
黒	black
墨	black ink
鯉	carp
量	quantity
厘	rin
埋	bury
同	same
洞	den
胴	trunk
向	yonder
尚	esteem
字	character
守	guard
完	perfect
宣	proclaim
宵	wee hours
安	relax
宴	banquet
寄	draw near
富	wealth
貯	savings
木	tree
林	grove
森	forest
桂	Japanese Judas-tree
柏	oak
枠	frame
梢	treetops
棚	shelf
杏	apricot
桐	paulownia
植	plant
枯	wither
朴	crude
村	town
相	inter-
机	desk
本	book
札	tag
暦	calendar
案	plan
燥	parch
未	not yet
末	extremity
沫	splash
味	flavor
妹	younger sister
朱	vermilion
株	stocks
若	young
草	grass
苦	suffering
寛	tolerant
薄	dilute
葉	leaf
模	imitation
漠	vague
墓	grave
暮	livelihood
膜	membrane
苗	seedling
兆	portent
桃	peach tree
眺	stare
犬	dog
状	status quo
黙	silence
然	sort of thing
荻	reed
狩	hunt
猫	cat
牛	cow
特	special
告	revelation
先	before
洗	wash
介	jammed in
界	world
茶	tea
合	fit
塔	pagoda
王	king
玉	jewel
宝	treasure
珠	pearl
現	present
狂	lunatic
皇	emperor
呈	display
全	whole
栓	plug
理	logic
主	lord
注	pour
柱	pillar
金	gold
銑	pig-iron
鉢	bowl
銅	copper
釣	angling
針	needle
銘	inscription
鎮	tranquilize
道	road-way
導	guidance
辻	crossing
迅	swift
造	create
迫	urge
逃	escape
辺	environs
巡	patrol
車	car
連	take along
軌	rut
輸	transport
前	in front
各	each
格	status
略	abbreviation
客	guest
額	forehead
夏	summer
処	dispose
条	twig
落	fall
冗	superfluous
軍	army
輝	radiance
運	carry
冠	crown
夢	dream
坑	pit
高	tall
享	receive
塾	cram school
熟	mellow
亭	pavilion
京	capital
涼	refreshing
景	scenery
鯨	whale
舎	cottage
周	circumference
週	week
士	gentleman
吉	good luck
壮	robust
荘	villa
売	sell
学	study
覚	memorize
栄	flourish
書	write
津	haven
牧	breed
攻	aggression
敗	failure
枚	sheet of...
故	happenstance
敬	awe
言	say
警	admonish
計	plot
獄	prison
訂	revise
討	chastise
訓	instruction
詔	imperial edict
詰	packed
話	tale
詠	recitation
詩	poem
語	word
読	read
調	tune
談	discuss
諾	consent
諭	rebuke
式	style
試	test
弐	II
域	range
賊	burglar
栽	plantation
載	load
茂	overgrown
成	turn into
城	castle
誠	sincerity
威	intimidate
滅	destroy
減	dwindle
桟	scaffold
銭	coin
浅	shallow
止	stop
歩	walk
渉	ford
頻	repeatedly
肯	agreement
企	undertake
歴	curriculum
武	warrior
賦	levy
正	correct
証	evidence
政	politics
定	determine
錠	lock
走	run
超	transcend
赴	proceed
越	surpass
是	just so
題	topic
堤	dike
建	build
延	prolong
誕	nativity
礎	cornerstone
婿	bridegroom
衣	garment
裁	tailor
装	attire
裏	back
壊	demolition
哀	pathetic
遠	distant
猿	monkey
初	first time
布	linen
帆	sail
幅	hanging scroll
帽	cap
幕	curtain
幌	canopy
錦	brocade
市	market
姉	elder sister
肺	lungs
帯	sash
滞	stagnate
刺	thorn
制	system
製	made in...
転	revolve
芸	technique
雨	rain
雲	cloud
曇	cloudy weather
雷	thunder
霜	frost
冬	winter
天	heavens
橋	bridge
嬌	attractive
立	stand up
泣	cry
章	badge
競	vie
帝	sovereign
童	juvenile
瞳	pupil
鐘	bell
商	make a deal
嫡	legitimate wife
適	suitable
滴	drip
敵	enemy
匕	spoon
北	north
背	stature
比	compare
昆	descendants
皆	all
混	mix
渇	thirst
謁	audience
褐	brown
喝	hoarse
旨	delicious
脂	fat
壱	I (one)
毎	every
敏	cleverness
梅	plum
海	sea
乞	beg
乾	drought
腹	abdomen
複	duplicate
欠	lack
吹	blow
炊	cook
歌	song
軟	soft
次	next
茨	briar
資	assets
姿	figure
諮	consult with
賠	compensation
培	cultivate
剖	divide
音	sound
暗	darkness
韻	rhyme
識	discriminating
鏡	mirror
境	boundary
亡	deceased
盲	blind
妄	delusion
荒	laid waste
望	ambition
方	direction
妨	disturb
坊	boy
芳	perfume
肪	obese
訪	call on
放	set free
激	violent
脱	undress
説	rumor/explanation
鋭	pointed
曽	formerly
増	increase
贈	presents
東	east
棟	ridgepole
凍	frozen
妊	pregnancy
廷	courts
染	dye
燃	burn
賓	V.I.P.
歳	year-end
県	prefecture
栃	horse chestnut
地	ground
池	pond
虫	insect
蛍	lightning-bug
蛇	snake
虹	rainbow
蝶	butterfly
独	single
蚕	silkworm
風	wind
己	self
起	rouse
妃	queen
改	reformation
記	scribe
包	wrap
胞	placenta
砲	cannon
泡	bubbles
亀	tortoise
電	electricity
竜	dragon
滝	waterfall
豚	pork
逐	pursue
遂	consummate
家	house
嫁	marry into
豪	overpowering
腸	intestines
場	location
湯	hot water
羊	sheep
美	beauty
洋	ocean
詳	detailed
鮮	fresh
達	accomplished
羨	envious
差	distinction
着	don
唯	solely
焦	char
礁	reef
集	gather
准	quasi-
進	advance
雑	miscellaneous
雌	feminine/female
準	semi-
奮	stirred up
奪	rob
確	assurance
午	noon
許	permit
歓	delight
権	authority
観	outlook
羽	feathers
習	learn
翌	the following
曜	weekday
濯	laundry
曰	sayeth
困	quandary
固	harden
国	country
団	group
因	cause
姻	matrimony
園	park
回	-times
壇	podium
店	store
庫	warehouse
庭	courtyard
庁	government office
床	bed
麻	hemp
磨	grind
心	heart
忘	forget
忍	endure
認	acknowledge
忌	mourning
志	intention
誌	document
忠	loyalty
串	shish kebab
患	afflicted
思	think
恩	grace
応	apply
意	idea
想	concept
息	breath
憩	recess
恵	favor
恐	fear
惑	beguile
感	emotion
憂	melancholy
寡	widow
忙	busy
悦	ecstasy
恒	constancy
悼	lament
悟	enlightenment
怖	dreadful
慌	disconcerted
悔	repent
憎	hate
慣	accustomed
愉	pleasure
惰	lazy
慎	humility
憾	remorse
憶	recollection
慕	pining
添	annexed
必	invariably
泌	ooze
手	hand
看	watch over
摩	chafe
我	ego
義	righteousness
議	deliberation
犠	sacrifice
抹	rub
抱	embrace
搭	board
抄	extract
抗	confront
批	criticism
招	beckon
拓	clear (the land)
拍	clap
打	strike
拘	arrest
捨	discard
拐	kidnap
摘	pinch
挑	challenge
指	finger
持	hold
括	fasten
揮	brandish
推	conjecture
揚	hoist
提	propose
損	damage
拾	pick up
担	shouldering
拠	foothold
描	sketch
操	maneuver
接	touch
掲	put up (a notice)
掛	hang
研	polish
戒	commandment
械	contraption
鼻	nose
刑	punish
型	mould
才	genius
財	property
材	lumber
存	suppose
在	exist
乃	from
携	portable
及	reach out
吸	suck
扱	handle
丈	length
史	history
吏	officer
更	grow late
硬	stiff
又	or again
双	pair
桑	mulberry
隻	vessels
護	safeguard
獲	seize
奴	guy
怒	angry
友	friend
抜	slip out
投	throw
没	drown
設	establishment
撃	beat
殻	husk
支	branch
技	skill
枝	bough
肢	limb
茎	stalk
怪	suspicious
軽	lightly
叔	uncle
督	coach
寂	loneliness
淑	graceful
反	anti-
坂	slope
板	plank
返	return
販	marketing
爪	claw
妥	gentle
乳	milk
浮	floating
将	leader
奨	exhort
採	pick
菜	vegetable
受	accept
授	impart
愛	love
払	pay
広	wide
拡	broaden
鉱	mineral
弁	valve
雄	masculine/male
台	pedestal
怠	neglect
治	reign
始	commence
胎	womb
窓	window
去	gone
法	method
会	meeting
至	climax
室	room
到	arrival
致	doth
互	mutually
棄	abandon
育	bring up
撤	remove
充	allot
銃	gun
硫	sulphur
流	current
允	license
唆	tempt
出	exit
山	mountain
拙	bungling
岩	boulder
炭	charcoal
岐	branch off
峠	mountain peak/mountain pass
崩	crumble
密	secrecy
蜜	honey
嵐	storm
崎	promontory
入	enter
込	crowded
分	part
貧	poverty
頒	partition
公	public
松	pine tree
翁	venerable old man
訟	sue
谷	valley
浴	bathe
容	contain
溶	melt
欲	longing
裕	abundant
鉛	lead (metal)
沿	run alongside
賞	prize
党	party
堂	public chamber/hall
常	usual
裳	skirt
掌	manipulate
皮	pelt
波	waves
婆	old woman
披	expose
破	rend
被	incur
残	remainder
殉	martyrdom
殊	particularly
殖	augment
列	file
裂	split
烈	ardent
死	death
葬	interment
瞬	wink
耳	ear
取	take
趣	gist
最	utmost
撮	snapshot
恥	shame
職	post
聖	holy
敢	daring
聴	listen
懐	pocket
慢	ridicule
漫	loose
買	buy
置	placement
罰	penalty
寧	rather
濁	voiced
環	ring
還	send back
夫	husband
扶	aid
渓	mountain stream
規	standard
替	exchange
賛	approve
潜	submerge
失	lose
鉄	iron
迭	transfer/alternate
臣	retainer
姫	princess
蔵	storehouse
臓	entrails
賢	intelligent
堅	strict
臨	look to
覧	perusal
巨	gigantic
拒	repel
力	power
男	male/man
労	labor
募	recruit
劣	inferiority
功	achievement
勧	persuade
努	toil
励	encourage
加	add
賀	congratulations
架	erect
脇	armpit
脅	threaten
協	co-
行	going
律	rhythm
復	restore
得	gain
従	accompany
徒	junior
待	wait
往	journey
征	subjugate
径	diameter
彼	he
役	duty
徳	benevolence
徹	penetrate
徴	indications
懲	penal
微	delicate
街	boulevard
衡	equilibrium
稿	draft
稼	earnings
程	extent
税	tax
稚	immature
和	harmony
移	shift
秒	second
秋	autumn
愁	distress
私	private
秩	regularity
秘	secret
称	appellation
利	profit
梨	pear tree
穫	harvest
穂	ear (of a plant)
稲	rice plant
香	incense
季	seasons
委	committee
秀	excel
透	transparent
誘	entice
穀	cereals
菌	germ
米	rice
粉	flour
粘	sticky
粒	grains
粧	cosmetics
迷	astray
粋	chic
糧	provisions
菊	chrysanthemum
奥	core
数	number
楼	watchtower
類	sort
漆	lacquer
様	Esq.
求	request
球	ball
救	salvation
竹	bamboo
笑	laugh
笠	bamboo hat
笹	bamboo grass
筋	muscle
箱	box
筆	writing brush
筒	cylinder
等	etc.
算	calculate
答	solution
策	scheme
簿	register
築	fabricate
人	person
佐	assistant
但	however
住	dwell
位	rank
仲	go-between
体	body
悠	permanence/remote
件	affair
仕	attend
他	other
伏	prostrated
伝	transmit
仏	Buddha
休	rest
仮	sham/provisional
伯	chief
俗	vulgar
信	faith
佳	excellent
依	reliant
例	example
個	individual
健	healthy
側	side
侍	waiter
停	halt
値	price
倣	emulate
倒	overthrow
偵	spy
僧	Buddhist priest
億	hundred million
儀	ceremony
償	reparation
仙	hermit
催	sponsor
仁	humanity
侮	scorn
使	use
便	convenience
倍	double
優	tenderness
伐	fell
宿	inn
傷	wound
保	protect
褒	praise
傑	greatness
付	adhere
符	token
府	borough/municipality
任	responsibility
賃	fare
代	substitute
袋	sack
貸	lend
化	change
花	flower
貨	freight
傾	lean
何	what
荷	baggage
俊	sagacious
傍	bystander
久	long time
畝	furrow
囚	captured
内	inside
丙	third class
柄	design
肉	meat
腐	rot
座	squat/sit
卒	graduate
傘	umbrella
匁	monme
以	by means of
似	becoming/similar
併	join
瓦	tile
瓶	flower pot
宮	Shinto shrine
営	occupation
善	virtuous
年	year
夜	night
液	fluid
塚	hillock
幣	cash
弊	abuse
喚	yell
換	interchange
融	dissolve
施	alms
旋	rotation
遊	play
旅	trip
勿	not
物	thing
易	easy
賜	grant
尿	urine
尼	nun
泥	mud
塀	fence
履	footgear
屋	roof
握	grip
屈	yield
掘	dig
堀	ditch
居	reside
据	set
層	stratum
局	bureau
遅	slow
漏	leak
刷	printing
尺	shaku
尽	exhaust
沢	swamp
訳	translate
択	choose
昼	daytime
戸	door
肩	shoulder
房	tassel
扇	fan
炉	hearth
戻	re-
涙	tears
雇	employ
顧	look back
啓	disclose
示	show
礼	salute/salutation
祥	auspicious
祝	celebrate
福	blessing
祉	welfare
社	company
視	inspection
奈	Nara
尉	military officer
慰	consolation
款	goodwill
禁	prohibition
襟	collar
宗	religion
崇	adore
祭	ritual
察	guess
擦	grate
由	wherefore
抽	pluck
油	oil
袖	sleeve
宙	mid-air
届	deliver
笛	flute
軸	axis
甲	armor
押	push
岬	headland
挿	insert
申	speaketh
伸	expand
神	gods
捜	search
果	fruit
菓	candy/confectionary
課	chapter
裸	naked
斤	axe
析	chop
所	place
祈	pray
近	near
折	fold
哲	philosophy
逝	departed
誓	vow
暫	temporarily
漸	steadily
断	severance
質	substance
斥	reject
訴	accusation
昨	yesterday
詐	lie
作	make
雪	snow
録	record
尋	inquire
急	hurry
穏	calm
侵	encroach
浸	immersed
寝	lie down
婦	lady
掃	sweep
当	hit
争	contend
浄	clean
事	matter
唐	T'ang
糖	sugar
康	ease/sane
逮	apprehend
伊	Italy
君	old boy
群	flock
耐	-proof
需	demand
儒	Confucian
端	edge
両	both
満	full
画	brush stroke
歯	tooth
曲	bend
曹	cadet
遭	encounter
漕	rowing
槽	vat
斗	Big Dipper
料	fee
科	department
図	map
用	utilize
庸	commonplace/comfortable
備	equip
昔	once upon a time
錯	confused
借	borrow
惜	pity
措	set aside
散	scatter
廿	twenty
庶	commoner
遮	intercept
席	seat
度	degrees
渡	transit
奔	bustle
噴	erupt
墳	tomb
憤	aroused
焼	bake
暁	daybreak
半	half
伴	consort
畔	paddy-ridge
判	judgment
券	ticket
巻	scroll
圏	sphere
勝	victory
藤	wisteria
謄	mimeograph/facsimile
片	one-sided
版	printing block
之	of
乏	destitution
芝	turf
不	negative
否	negate
杯	cupfuls
矢	dart
矯	rectify
族	tribe
知	know
智	wisdom
矛	halberd
柔	tender
務	task
霧	fog
班	squad
帰	homecoming
弓	bow
引	pull
弔	condolences
弘	vast
強	strong
弱	weak
沸	seethe
費	expense
第	No.
弟	younger brother
巧	adroit
号	nickname
朽	decay
誇	boast
汚	dirty
与	bestow
写	copy
身	somebody
射	shoot
謝	apologize
老	old man
考	consider
孝	filial piety
教	teach
拷	torture
者	someone
煮	boil
著	renowned
署	signature
暑	sultry
諸	various
猪	boar
渚	strand
賭	gamble
峡	gorge
狭	cramped
挟	sandwiched
追	chase
師	expert
帥	commander
官	bureaucrat
棺	coffin
管	pipe
父	father
交	mingle
効	merit
較	contrast
校	exam
足	leg
促	stimulate
距	long-distance
路	path
露	dew
跳	hop
躍	leap
践	tread
踏	step
骨	skeleton
滑	slippery
髄	marrow
禍	calamity
渦	whirlpool
過	overdo
阪	Heights
阿	Africa
際	occasion
障	hinder
随	follow
陪	obeisance/auxiliary
陽	sunshine
陳	exhibit/line up
防	ward off
附	affixed
院	Inst.
陣	camp
隊	regiment
墜	crash
降	descend
階	storey
陛	highness
隣	neighboring
隔	isolate
隠	conceal
堕	degenerate
陥	collapse
穴	hole
空	empty
控	withdraw
突	stab
究	research
窒	plug up
窃	stealth
窪	depression
搾	squeeze
窯	kiln
窮	hard up
探	grope
深	deep
丘	hill
岳	Point
兵	soldier
浜	seacoast
糸	thread
織	weave
繕	darning
縮	shrink
繁	luxuriant
縦	vertical
線	line
締	tighten
維	fiber
羅	gauze
練	practice
緒	thong
続	continue
絵	picture
統	overall
絞	strangle
給	salary
絡	entwine
結	tie
終	end
級	class
紀	chronicle
紅	crimson
納	settlement
紡	spinning
紛	distract
紹	introduce
経	sutra
紳	sire
約	promise
細	dainty
累	accumulate
索	cord
総	general
綿	cotton
絹	silk
繰	winding
継	inherit
緑	green
縁	affinity
網	netting
緊	tense
紫	purple
縛	truss
縄	straw rope
幼	infancy
後	behind
幽	seclude/faint
幾	how many
機	mechanism
玄	mysterious
畜	livestock
蓄	amass
弦	bowstring
擁	hug
滋	nourishing
慈	mercy
磁	magnet
系	lineage
係	person in charge
孫	grandchild
懸	suspend
却	instead
脚	skids/shins
卸	wholesale
御	honorable
服	clothing
命	fate
令	orders
零	zero
齢	age
冷	cool
領	jurisdiction
鈴	small bell
勇	courage
通	traffic
踊	jump
疑	doubt
擬	mimic
凝	congeal
範	pattern
犯	crime
厄	unlucky
危	dangerous
宛	address
腕	arm
苑	garden
怨	grudge
柳	willow
卵	egg
留	detain
貿	trade
印	stamp
興	entertain
酉	sign of the bird
酒	sake
酌	bartending
酵	fermentation
酷	cruel
酬	repay
酪	dairy products
酢	vinegar
酔	drunk
配	distribute
酸	acid
猶	furthermore/waver
尊	revered
豆	beans
頭	head
短	short
豊	bountiful
鼓	drum
喜	rejoice
樹	timber-trees
皿	dish
血	blood
盆	basin
盟	alliance
盗	steal
温	warm
監	oversee
濫	overflow
鑑	specimen
猛	fierce
盛	boom
塩	salt
銀	silver
恨	regret/resentment
根	root
即	instant
爵	baron
節	node
退	retreat
限	limit
眼	eyeball
良	good
朗	melodious
浪	wandering
娘	daughter
食	eat
飯	meal
飲	drink
飢	hungry
餓	starve
飾	decorate
館	Bldg.
養	foster
飽	sated
既	previously
概	outline
慨	rue
平	even
呼	call
坪	two-mat area
評	evaluate
刈	reap
希	hope
凶	villain
胸	bosom
離	detach
殺	kill
純	genuine
鈍	dull
辛	spicy
辞	resign
梓	catalpa
宰	superintend
壁	wall
避	evade
新	new
薪	fuel/firewood
親	parent
幸	happiness
執	tenacious
報	report
叫	shout
糾	twist
収	income
卑	lowly
碑	tombstone
陸	land
睦	intimate
勢	forces
熱	heat
菱	diamond
陵	mausoleum
亥	sign of the hog
核	nucleus
刻	engrave
該	above-stated
劾	censure
述	mention
術	art
寒	cold
醸	brew
譲	defer
壌	lot
嬢	lass
毒	poison
素	elementary
麦	barley
青	blue
精	refined
請	solicit
情	feelings
晴	clear up
清	pure
静	quiet
責	blame
績	exploits
積	volume
債	bond
漬	pickling
表	surface
俵	bag
潔	undefiled
契	pledge
喫	consume
害	harm
轄	control
割	proportion
憲	constitution
生	life
星	star
姓	surname
性	sex
牲	animal sacrifice
産	products
隆	hump
峰	summit
縫	sew
拝	worship
寿	longevity
鋳	casting
籍	enroll
春	springtime
椿	camellia
泰	peaceful
奏	play music
実	reality
奉	observance/dedicate
俸	stipend
棒	rod
謹	discreet
勤	diligence
漢	Sino-
嘆	sigh
難	difficult
華	splendor
垂	droop
睡	drowsy
錘	spindle
乗	ride
剰	surplus
今	now
含	include
吟	versify
念	wish
琴	harp
陰	shade
予	beforehand
序	preface
預	deposit
野	plains
兼	concurrently
嫌	dislike
鎌	sickle
謙	self-effacing
廉	bargain
西	west
価	value
要	need
腰	loins
票	ballot
漂	drift
標	signpost
栗	chestnut
遷	transition
覆	capsize
煙	smoke
南	south
楠	camphor tree
献	offering
門	gates
問	question
閲	review
閥	clique
間	interval
簡	simplicity
開	open
閉	closed
閣	tower
閑	leisure
聞	hear
潤	wet
欄	column
闘	fight
倉	godown
創	genesis
非	un-
俳	haiku
排	repudiate
悲	sad
罪	guilt
輩	comrade
扉	front door
侯	marquis
候	climate
決	decide
快	cheerful
偉	admirable
違	difference
緯	horizontal
衛	defense
韓	Korea
干	dry
肝	liver
刊	publish
汗	sweat
軒	flats
岸	beach
幹	tree-trunk
芋	potato
宇	eaves
余	too much
除	exclude
徐	gradually
叙	confer
途	route
斜	diagonal
塗	paint
束	bundle
頼	trust
瀬	rapids
勅	imperial order
疎	alienate
速	quick
整	organize
剣	sabre/saber
険	precipitous
検	examination
倹	frugal
重	heavy
動	move
勲	meritorious deed
働	work
種	species
衝	collide
薫	fragrant
病	ill
痴	stupid
痘	pox
症	symptoms
疾	rapidly
痢	diarrhea
疲	exhausted/tired
疫	epidemic
痛	pain
癖	mannerism
匿	hide
匠	artisan
医	doctor
匹	equal
区	ward
枢	hinge
殴	assault
欧	Europe
抑	repress
仰	face-up
迎	welcome
登	ascend
澄	lucidity
発	discharge
廃	abolish
僚	colleague
寮	dormitory
療	heal
彫	carve
形	shape
影	shadow
杉	cedar
彩	coloring
彰	patent
彦	lad
顔	face
須	ought
膨	swell
参	nonplussed/visit
惨	wretched
修	discipline
珍	rare
診	check-up
文	sentence
対	vis-a-vis
紋	family crest
蚊	mosquito
斉	adjusted
剤	dose
済	finish
斎	purification
粛	solemn
塁	bases
楽	music
薬	medicine
率	ratio
渋	astringent
摂	vicarious
央	center
英	England
映	reflect
赤	red
赦	pardon
変	unusual
跡	tracks
蛮	barbarian
恋	romance
湾	gulf
黄	yellow
横	sideways
把	grasp
色	color
絶	discontinue
艶	glossy
肥	fertilizer
甘	sweet
紺	navy blue
某	so-and-so
謀	conspire
媒	mediator
欺	deceit
棋	chess piece
旗	national flag
期	period
碁	Go
基	fundamentals
甚	tremendously
勘	intuition
堪	withstand
貴	precious
遺	bequeath
遣	dispatch
舞	dance
無	nothingness
組	association
粗	coarse
租	tariff
祖	ancestor
阻	thwart
査	investigate
助	help
宜	best regards
畳	tatami mat
並	row
普	universal
譜	musical score
湿	damp
顕	appear
繊	slender
霊	spirits
業	business/profession
撲	slap
僕	me
共	together
供	submit
異	uncommon
翼	wing
洪	deluge
港	harbor
暴	outburst
爆	bomb
恭	respect
選	elect
殿	Mr.
井	well
囲	surround
耕	till
亜	Asia
悪	bad
円	circle
角	angle
触	contact
解	unravel
再	again
講	lecture
購	subscription
構	posture
溝	gutter
論	argument
倫	ethics
輪	wheel
偏	partial
遍	everywhere
編	compilation
冊	tome
典	code
氏	family name
紙	paper
婚	marriage
低	lower
抵	resist
底	bottom
民	people
眠	sleep
捕	catch
浦	bay
蒲	bulrush
舗	shop
補	supplement
邸	residence
郭	enclosure
郡	county
郊	outskirts
部	section
都	metropolis
郵	mail
邦	home country
郷	home town
響	echo
郎	son
廊	corridor
盾	shield
循	sequential
派	faction
脈	vein
衆	masses
逓	parcel post
段	grade
鍛	forge
后	empress
幻	phantasm
司	director
伺	pay respects
詞	parts of speech
飼	domesticate
嗣	heir
舟	boat
舶	liner
航	navigate
般	carrier
盤	tray
搬	conveyor
船	ship
艦	warship
艇	rowboat
瓜	melon
弧	arc
孤	orphan
繭	cocoon
益	benefit
暇	spare time
敷	spread
来	come
気	spirit
汽	vapor
飛	fly
沈	sink
妻	wife
衰	decline
衷	inmost
面	mask
革	leather
靴	shoes
覇	hegemony
声	voice
呉	give
娯	recreation
誤	mistake
蒸	steam
承	acquiesce
函	bin
極	poles
牙	tusk
芽	bud
邪	wicked
雅	gracious
釈	explanation/interpretation
番	turn
審	hearing
翻	flip
藩	clan
毛	fur
耗	decrease
尾	tail
宅	home
託	consign
為	do
偽	falsehood
長	long
張	lengthen
帳	notebook
脹	dilate
髪	hair of the head
展	unfold
喪	miss
巣	nest
単	simple
戦	war
禅	Zen
弾	bullet
桜	cherry tree
獣	animal
脳	brain
悩	trouble
厳	stern
鎖	chain
挙	raise
誉	reputation
猟	game-hunting
鳥	bird
鳴	chirp
鶴	crane
烏	crow
蔦	vine
鳩	pigeon
鶏	chicken
島	island
暖	warmth
媛	beautiful woman
援	abet
緩	slacken
属	belong
嘱	entrust
偶	accidentally
遇	interview
愚	foolish
隅	corner
逆	inverted
塑	model
岡	Mount
鋼	steel
綱	hawser
剛	sturdy
缶	tin can
陶	pottery
揺	swing
謡	Noh chanting
就	concerning
懇	sociable
墾	groundbreaking
免	excuse
逸	deviate/elude
晩	nightfall
勉	exertion
象	elephant
像	statue
馬	horse
駒	pony
験	verification
騎	equestrian
駐	stop-over/parking
駆	drive
駅	station
騒	boisterous
駄	burdensome
驚	wonder
篤	fervent
騰	inflation
虎	tiger
虜	captive
膚	skin
虚	void
戯	frolic
虞	uneasiness
慮	prudence
劇	drama
虐	tyrannize
鹿	deer
薦	recommend
慶	jubilation
麗	lovely
熊	bear
能	ability
態	attitude
寅	sign of the tiger
演	performance
辰	sign of the dragon
辱	embarrass
震	quake
振	shake
娠	with child
唇	lips
農	agriculture
濃	concentrated
送	escort/send off
関	connection
咲	blossom
鬼	ghost
醜	ugly
魂	soul
魔	witch
魅	fascination
塊	clod
襲	attack
嚇	menacing/upbraid
朕	majestic plural
雰	atmosphere
箇	item
錬	tempering
遵	abide by
罷	quit
屯	barracks
且	moreover
藻	seaweed
隷	slave
癒	healing
丹	rust-colored/cinnabar
潟	lagoon
丑	sign of the cow
卯	sign of the hare
巳	sign of the snake
此	this here
柴	brushwood
砦	fort
些	whit
髭	beard
璃	crystal
禽	fowl
檎	apple
憐	sympathize with
燐	phosphorus
麟	camelopard
鱗	scaled
奄	encompassing
庵	hermitage
掩	shrouded
俺	myself
悛	make amends
駿	steed
峻	steep
竣	complete a job
臼	mortar
舅	father-in-law
鼠	mouse
鑿	bore
毀	break
艘	small craft
犀	rhinoceros
皐	lunar month
脊	spinal column
畷	rice-field footpath
綴	mend
爾	let it be
璽	imperial seal
鎧	suit of armor
凱	triumph
妖	bewitched
沃	irrigate
呑	quaff
韮	leek
籤	lottery
懺	penitential
芻	hay
雛	chick
趨	scurry
尤	understandably
稽	training
厖	immense
采	grab
或	a
斬	chop off
兎	rabbit
也	est
尭	lofty
巴	comma-design
甫	offspring
疋	critters
菫	violet
曼	mandala
巾	towel
云	quote
卜	augury
喬	heaven-high
莫	shalt
倭	Yamato
侠	chivalry
倦	fed up
佼	comely
俄	abrupt
佃	work a field
伶	minstrel
仔	animal offspring
仇	foe
伽	look after
僅	trifle
僻	biased
儲	make a profit
倖	bliss
僑	emigrant
侶	partner
伎	performing artist
侃	integrity
倶	mate
侭	as is
佑	adjutant
俣	fork in a road
傭	hire
偲	memorial
脩	dried meat
倅	my son
做	make do
凄	nifty
冴	sharp
凋	wilt
凌	pull through
冶	metallurgy
凛	stately
凧	kite
凪	lull
夙	earlybird
鳳	phoenix
劉	slaughter
刹	moment
剥	peel off
剃	shave
匂	aroma
勾	flexed
厭	despondent
雁	wild goose
贋	counterfeit
厨	kitchen
仄	insinuate
哨	scout
嘲	derision
咎	reprehend
囁	whisper
喋	chatter
咽	windpipe
嘩	quarrel
噂	gossip
咳	cough
喧	clamor
喉	throat
唾	saliva
叩	bash
嘘	fib
啄	peck at
呪	curse
吠	barking
吊	dangle
噛	chew
叶	within my ability
吻	sides of the mouth
吃	stammer
噺	spin a tale
噌	miso
唄	pop song
叱	scold
邑	city walls
呆	dumbfounded
喰	ingest
埴	clay
坤	authochthonous
堆	piled high
壕	dugout
垢	blemish
坦	flat
埠	wharf
填	stuff up
堰	dam
堵	railing
嬰	suckling infant
姦	violate
妬	jealous
婢	handmaiden
婉	well finished
娼	harlot
妓	courtesan
娃	fair
姪	niece
嫉	envy
嬬	mistress
姥	aged woman
姑	mother-in-law
姐	young miss
嬉	overjoyed
孕	expecting
孜	assiduous
宥	soothe
寓	imply
宏	extensive
牢	jail
塞	block up
宋	Sung dynasty
宍	venison
屠	butchering
屁	fart
屑	rubbish
尻	buttocks
屡	frequently
屍	corpse
屏	folding screen
嵩	high-reaching
崚	rugged mountains
峨	high mountain
崖	bluffs
嶺	mountaintop
嵌	fit into
嵯	rocky
帖	quire
幡	banner
幟	pennant
庖	cleaver
廓	licensed quarters
庇	overhang
鷹	hawk
庄	shire
廟	tomb sanctuary
彊	strengthen
弥	more and more
弛	loosen
粥	rice gruel
挽	lathe
撞	bump into
扮	disguise
掠	pillage
挨	shove
掴	clutch
捺	impress
捻	wrenching
掻	scratch
撰	assortment
拭	wipe
揃	muster
捌	deal with
撹	churn up
摺	rubbing
按	press down on
捉	nab
拶	imminent
播	disseminate
揖	interpretation
托	receptable
捧	dedicate
撚	twirl
挺	counter for tools
擾	commotion
捗	make headway
撫	petting
撒	sprinkle
擢	outstanding
捷	spoils
抉	gouge out
怯	wince
惟	ponder
惚	infatuation
怜	quickwitted
惇	considerate
憧	yearn
恰	as if
恢	enlarge
悌	respect for elders
湧	bubble up
澪	canal
洸	glistening
滉	bounding main
漱	gargle
洲	continent
洵	swirling waters
滲	seep
洒	rinse
沐	douse
泪	teardrops
渾	gushing
沙	grains of sand
涜	blaspheme
淫	lewd
梁	roofbeam
澱	sediment
氾	widespread
洛	old Kyoto
汝	thou
漉	filter
瀕	on the verge of
濠	moat
溌	spray
溺	drowning
湊	port
淋	solitude
浩	abounding
汀	water's edge
鴻	large goose
潅	souse
溢	brimming
汰	cleanse
湛	inundate
淳	immaculate
潰	defile
渥	moisten
灘	rough seas
汲	draw water
瀞	river pool
溜	cumulation
渕	abyss
沌	chaos
汎	pan
濾	strainer
濡	drench
淀	eddy
涅	fabrication
釜	cauldron
斧	hatchet
爺	grandpa
猾	sly
猥	indecent
狡	cunning
狸	racoon dog
狼	wolf
狽	flustered
狗	pup
狐	fox
狛	a-un
狙	aim at
獅	lion
狒	baboon
莨	tobacco
茉	jasmine
莉	hawthorn
苺	strawberry
萩	bush clover
藝	technique [old]
薙	trim
蓑	straw raincoat
萎	numb
苔	moss
蕩	prodigal
蔽	cover over
蔓	tendril
蓮	lotus
芙	lotus flower
蓉	lotus blossom
蘭	orchid
芦	hollow reed
薯	yam
菖	iris
蕉	banana
芯	wick
蕎	buckwheat
蕗	butterbur
藍	indigo
茄	eggplant
苛	bullying
蔭	behind the scenes
蓬	wormwood
芥	mustard
萌	germinate
葡	grape
萄	grape vine
蘇	resurrect
蕃	grow wild
苓	cocklebur
菰	rush mat
蒙	darken
茅	grassy reed
芭	plantain
苅	mow
蓋	lid
葱	onion
蔑	revile
葵	hollyhock
葺	shingling
蕊	stamen
茸	mushroom
蒔	sowing
芹	parsley
苫	thatching
葛	kudzu
蒼	pale blue
藁	straw
蕪	turnip
藷	sweet potato
薮	quack
蒜	garlic
蕨	bracken
蔚	grow plentiful
茜	madder red
莞	candle rush
蒐	collector
菅	sedge
葦	ditch reed
迪	Way
辿	track down
這	crawl
迂	detour
遁	elude
逢	tryst
遥	far off
遼	remote
逼	pressing
迄	until
遜	modest
逗	standstill
郁	cultured
鄭	courtesy
隙	chink
隈	nook
憑	possessed
惹	attract
悉	without exception
忽	instantaneously
惣	firstborn son
愈	in the nick of time
恕	sensitive
昴	overarching
晋	progress
曖	equivocal
晟	aglow
暈	halo
暉	glitter
旱	dry weather
晏	clear skies
晨	morrow
晒	bleaching
昧	obscure
晃	limpid
曝	air out
曙	dawn
昂	elevate
旺	effulgent
昏	dusk
晦	last day of the month
腎	kidney
股	thigh
膿	pus
腑	viscera
胱	bladder
胚	embryo
肛	anus
臆	cowardice
膝	knee
脆	fragile
肋	rib
肘	elbow
腔	body cavity
腺	gland
腫	tumor
膳	dining tray
肱	armrest
胡	uncivilized
楓	maple tree
枕	pillow
楊	purple willow
椋	Oriental elm
榛	hazel
櫛	comb
槌	wooden hammer
樵	mallet
梯	ladder
椅	chair
柿	persimmon
柑	citrus tree
桁	girder
杭	picket
柊	holly
柚	citron
椀	wooden bowl
栂	hemlock
柾	spindle tree
榊	sacred Shinto tree
樫	evergreen oak
槙	Chinese black pine
楢	Japanese oak
橘	mandarin orange
桧	Japanese cypress
棲	roost
栖	nestle
梗	spiny
桔	bellflower
杜	temple grove
杷	grain rake
梶	oar
杵	wooden pestle
杖	cane
椎	sweet oak
樽	barrel
柵	palisade
櫓	turret
橿	sturdy oak
杓	wooden ladle
李	damson
棉	raw cotton
楯	escutcheon
榎	hackberry
樺	birch
槍	lance
柘	wild mulberry
梱	bale
枇	loquat
樋	downspout
橇	sled
槃	enjoyment
栞	bookmark
椰	coconut tree
檀	sandalwood
樗	plotosid
槻	zelkova
椙	cryptomeria
彬	copious
桶	bucket
楕	ellipse
樒	star-anise
毬	furball
燿	twinkle
燎	watchfire
炬	torch
焚	kindle
灸	moxa
燭	candlelight
煽	fanning
煤	soot
煉	firing
燦	dazzling
灼	refulgent
烙	branding
焔	flames
熔	fuse metal
煎	roast
烹	stew
牽	tug
牝	female animal
牡	male animal
瑶	precious stone
琳	chime
瑠	marine blue
斑	speckled
琉	lapis lazuli
弄	tinker with
瑳	burnish
琢	hone
珊	coral
瑚	coral reef
瑞	fortunate
珪	silicon
玖	jet
瑛	crystal stone
玩	toy
玲	tinkling
畏	apprehensive
畢	lastly
畦	paddy-field ridge
痒	itch
痰	phlegm
疹	measles
痔	hemorrhoids
癌	cancer
痩	lose weight
痕	scar
痺	paralysis
眸	apple of the eye
眩	dizzy
瞭	obvious
眉	eyebrow
雉	pheasant
矩	carpenter's square
磐	crag
碇	grapnel
碧	blue-green
硯	inkstone
砥	grindstone
碗	teacup
碍	obstacle
碩	illustrious
磯	rocky beach
砺	whetstone
碓	mill
禦	fend off
祷	beseech
祐	ancestral tablet
祇	local god
祢	ancestral shrine
禄	salarium
禎	felicitation
秤	balancing scales
黍	millet
禿	bald
稔	bear fruit
稗	crabgrass
穣	bumper crop
稜	imperial authority
稀	sparse
穆	obeisant
窺	peep
窄	tight
窟	cavern
穿	drill
竃	kitchen stove
竪	longness
颯	rustling
站	outpost
靖	repose
妾	concubine
衿	lapel
裾	hem
袷	lined kimono
袴	pleated skirt
襖	sliding door
笙	Chinese panpipe
筏	raft
簾	bamboo blinds
箪	rattan box
竿	pole
箆	spatula
箔	foil
笥	wardrobe
箭	arrow shaft
筑	ancient harp
篭	cage
篠	slender bamboo
箸	chopsticks
纂	redaction
竺	bamboo cane
箕	winnowing fan
笈	backpack
篇	livraison
筈	should
簸	winnow
粕	settlings
糟	lees
糊	paste
籾	unhulled rice
糠	rice bran
糞	excrement
粟	foxtail millet
繋	link up
綸	twine
絨	carpet yarn
絆	ties
緋	scarlet
綜	synthesis
紐	string
紘	chinstrap
纏	summarize
絢	gorgeous
繍	embroidery
紬	pongee
綺	ornate
綾	damask
絃	catgut
綻	come apart at the seams
縞	stripe
綬	gimp
紗	gossamer
舵	rudder
舷	gunwale
聯	strung together
聡	attentive
聘	summons
耽	addiction
耶	exclamation
蚤	flea
蟹	crab
蛋	protein
蟄	hibernation
蝿	housefly
蟻	ant
蜂	bee
蝋	wax
蝦	shrimp
蛸	octopus
螺	screw
蝉	cicada
蛙	frog
蛾	moth
蛤	clam
蛭	leech
蛎	oyster
罫	ruled lines
罵	insult
袈	stole
裟	monk's sash
戴	accept humbly
截	incision
哉	I wonder
詢	counsel
諄	polite
讐	vendetta
諌	remonstrate
謎	riddle
諒	verify
讃	compliment
誰	who?
訊	query
訣	split up
詣	visit a shrine
諦	give up
詮	elucidate
詑	prevarication
誼	familiarity
謬	fallible
詫	beg pardon
諏	advise
諺	proverb
誹	slander
謂	so-called
諜	secret agent
註	footnote
譬	parable
轟	rumble
輔	reinforce
輻	spoke
輯	assemble
貌	countenance
豹	panther
賎	despicable
貼	affix
貰	get
賂	graft
賑	bustling
躓	stumble
蹄	hoof
蹴	kick
蹟	vestiges
跨	straddle
跪	kneel
醤	soy sauce
醍	whey
酎	hooch
醐	ghee
醒	awakening
醇	strong saké
麺	noodles
麹	malt
釦	button
銚	keg
鋤	plow
鍋	pot
鏑	arrowhead
鋸	handsaw
錐	awl
鍵	key
鍬	hoe
鋲	rivet
錫	tin
錨	anchor
釘	nail
鑓	javelin
鋒	sword's point
鎚	hammer
鉦	carillion
錆	rust
鍾	cluster
鋏	scissors
閃	flash
悶	agony
閤	side gate
闇	pitch dark
雫	trickle
霞	haze
翰	quill
斡	auspices
鞍	saddle
鞭	whip
鞘	saddle straps
鞄	briefcase
靭	pliable
鞠	terminate
頓	immediate
顛	overturn
穎	brush tip
頃	about that time
頬	cheek
頗	exceedingly
頌	accolade
顎	chin
頚	neck and throat
餌	feed
餐	repast
饗	feast
蝕	eclipse
飴	sweets
餅	mochi
駕	stretcher
騨	piebald
馳	rush
騙	cheat
馴	tame
駁	rebuttal
駈	gallop
驢	donkey
鰻	eel
鯛	sea bream
鰯	sardine
鱒	trout
鮭	salmon
鮪	tuna
鮎	sweet smelt
鯵	horse mackerel
鱈	cod
鯖	mackerel
鮫	shark
鰹	bonito
鰍	bullhead
鰐	alligator
鮒	crucian
鮨	sushi
鰭	fish fin
鴎	seagull
鵬	roc
鸚	parakeet
鵡	parrot
鵜	cormorant
鷺	heron
鷲	eagle
鴨	wild duck
鳶	kite falcon
梟	owl
塵	dust
麓	foot of a mountain
麒	giraffe
冥	Hades
瞑	close the eyes
暝	murky
坐	sitting in mediation
挫	sprain
朔	first day of the month
遡	go upstream
曳	drag
洩	dribble out
彗	comet
慧	astute
嘉	applaud
兇	evil
兜	helmet
爽	bracing
欝	depressed
劫	kalpa
勃	erection
歎	bemoan
輿	palanquin
巽	southeast
歪	warped
翠	jade green
黛	blue-black
鼎	tripod
鹵	rocksalt
鹸	lye
虔	reserved
燕	swallow
嘗	lick
殆	almost
孟	start
牌	mahjong tiles
骸	remains
覗	peek
彪	mottled
秦	Manchu dynasty
雀	sparrow
隼	peregrine falcon
耀	shimmering
夷	ebisu
戚	relatives
嚢	cyst
丼	domburi
暢	carefree
廻	circling
畿	capital suburbs
欣	elation
毅	stalwart
斯	this
匙	wooden spoon
匡	set straight
肇	founding
麿	Utamaro
叢	conglomerate
肴	entreat
斐	symmetrically patterned
卿	magistrate
翫	fiddle with
於	within
套	hackneyed
叛	rebellion
尖	sharp point
壷	crock
叡	sapience
酋	chieftain
鴬	nightingale
赫	incandescent
臥	supinate
甥	nephew
瓢	gourd
琵	biwa
琶	lute
叉	forked
舜	rose of Sharon
畠	dry field
拳	fist
圃	vegetable patch
丞	helping hand
亮	translucent
胤	blood relative
疏	transcription
膏	ointment
魁	pioneer
馨	ambrosial
牒	label
瞥	glimpse
阜	large hill
睾	testicle
巫	sorceress
敦	empathetic
奎	Andromeda
翔	soar
皓	beaming
黎	tenebrous
赳	bold
已	stop short
棘	thornbush
聚	crowd
甦	resucitate
剪	pruning
躾	upbringing
夥	plentiful
鼾	snore
祟	cast a spell
粁	kilometer
糎	centimeter
粍	millimeter
噸	ton
哩	mile
浬	nautical mile
吋	inch
呎	feet
梵	brahman
陀	Shakyamuni Buddha
薩	bodhisattva
菩	bo tree
唖	babble
迦	Sanskrit ka
那	interrogative
牟	moo
珈	jeweled hairpin
琲	beaded hairpin
檜	Japanese cypress [old]
轡	bridle's bit
淵	abyss [old]
伍	V
什	X
萬	ten thousand [old]
邁	pass through
逞	tough
燈	lamp [old]
裡	back [old]
薗	park [alternate]
鋪	shop [alternate]
嶋	island [alternate]
峯	summit [alternate]
巌	boulder [old]
埜	plains [old]
舘	Bldg. [old]
龍	dragon [old]
寵	patronage
聾	deafness
慾	longing [old]
亙	span [old]
躯	body [old]
嶽	Point [old]
國	country [old]
脛	shin
勁	formidable
箋	stationary
祀	enshrine
祓	exorcism
躇	dither
壽	longevity [old]
躊	hesitate
彙	glossary
饅	bean jam
嘔	retch
鼈	snapping turtle
亨	go smoothly
侑	condone
梧	parasol tree
欽	circumspect
煕	cheer
而	and then
掟	mandate
嗅	sniff
喩	metaphor
訃	obituary
楷	block letters
諧	orderliness
錮	weld
恣	selfish
惧	disquieting
憬	hanker
拉	yank
傲	arrogance
踪	trail
緻	fine
璧	holed gem
摯	clasp
貪	covet
慄	shudder
辣	bitter
瘍	carbuncle
哺	suckle
籠	cage [old]
羞	humiliate
鬱	gloom
